INSERT INTO Auteur(idAut,nomAut) VALUES
(1,'Diego Vélasquez'),
(2,'František Kupka'),
(3,'Jan Vermeer'),
(4,'Léonard de Vinci'),
(5,'William Turner');

INSERT INTO genre(idGre,libGre) VALUES
(1,'Art abstrait'),
(2,'baroque'),
(3,'Haute Renaissance'),
(4,'Orphisme'),
(5,'Romantisme');

INSERT INTO oeuvre(idOeu,libOeu,idAut)
values  
(1,'A Lady and Two Gentlemen',4),
(2,'A Lady at the Virginals with a Gentleman',4),
(3,'Dame assise au virginal',4),
(4,'Diane et ses compagnes',4),
(5,'Femme écrivant une lettre et sa servante',4),
(6,'Jeune Femme à l"aiguière',4),
(7,'Jeune Femme écrivant une lettre',4),
(8,'Jeune Femme jouant du virginal',4),
(9,'L"Allégorie de la Foi',4),
(10,'L"Art de la peinture',4),
(11,'L"Astronome',4),
(12,'L"Entremetteuse',4),
(13,'L"Officier et la jeune fille riant',4),
(14,'La Dame au collier de perles',4),
(15,'La Dentellière',4),
(16,'La Femme à la balance',4),
(17,'La Femme au luth',4),
(18,'La Femme en bleu lisant une lettre',4),
(19,'La Fille au chapeau rouge',4),
(20,'La Jeune Fille à la flûte',4),
(21,'La Jeune Fille à la perle',4),
(22,'La Laitière',4),
(23,'La Leçon de musique',4),
(24,'La Leçon de musique interrompue',4),
(25,'La Lettre d"amour',4),
(26,'La Liseuse à la fenêtre',4),
(27,'La Maîtresse et la Servante',4),
(28,'La Ruelle',4),
(29,'Le Christ dans la maison de Marthe et Marie',4),
(30,'Le Concert',4),
(31,'Le Géographe',4),
(32,'Le Verre de vin',4),
(33,'Portrait d"une jeune femme',4),
(34,'Sainte Praxède',4),
(35,'The Procuress, detail (supposed self-portrait)',4),
(36,'Une dame debout au virginal',4),
(37,'Une femme jouant de la guitare',4),
(38,'Une jeune fille assoupie',4),
(39,'Vue de Delft',4),
(40,'A young Man(Self-Portrait)',1),
(41,'Adoration des Mages',1),
(42,'Annunciation',4),
(43,'auto portrait avec épouse',2),
(44,'Automobile',4),
(45,'avions par couleurs , grand nu',2),
(46,'Babylone',2),
(47,'Breakfast',1),
(48,'Château de Norham',5),
(49,'Christ contemplé par l’âme chrétienne',1),
(50,'Christ dans la maison de Marthe et Marie',1),
(51,'Chromatics chauds',2),

(52,'Chutes de Clyde',5),
(53,'Clés de piano lac',2),

(54,'Coucher de soleil écarlate',5),
(55,'Crossbow Machine',4),
(56,'Déjeuner de paysans',1),
(57,'Démocrite',1),
(58,'Deux jeunes à table',1),
(59,'Don Cristobal Suarez de Ribera',1),

(60,'Don Gaspde Guzman, Count of Olivares and Duke of San Lucla Mayor',1),
(61,'Drapery for a seated figure',4),
(62,'Eau . le baigneur .',2),
(63,'Éruption du Vésuve ',5),
(64,'Esclaves ...',5),
(65,'Femme cueillant des fleurs',2),
(66,'forer',2),
(67,'Glaucus et Scylla',5),
(68,'Head of a Girl',1),
(69,'Head of a Man',1),
(70,'Heidelberg',5),
(71,'Idol Black résistance',2),
(72,'Immaculée Conception',1),
(73,'Imposition de la chasuble à Saint Ildefonse',1),
(74,'Incendie de la chambre des Lords (I)',5),
(75,'Incendie de la chambre des Lords (II)',5),
(76,'Isabella of Bourbon',1),
(77,'L"Adoration des mages',4),
(78,'L"Annonciation',4),
(79,'L"apparition d"un ange',5),
(80,'La bataille de Trafalgar (I)',5),
(81,'La bataille de Trafalgar (II)',5),
(82,'La Cène d"Emmaüs',1),
(83,'La Madone à l"œillet',4),
(84,'La Vénérable Mère Jerónima de la Fuente',1),
(85,'Lac Buttermere',5),
(86,'Landscape drawing for Santa Maria della Neve',4),
(87,'Le Baptême du Christ',4),
(88,'Le déclin de l"empire carthaginois ',5),
(89,'Le Mythe d"Apollon et Python',5),
(90,'Le Naufrage',5),
(91,'Le Porteur d"eau de Séville',1),
(92,'Le Rigi bleu',5),
(93,'Le Téméraire',5),
(94,'Le Triomphe de Bacchus',1),
(95,'Les disques de Newton 1',2),
(96,'Les feux des bateaux',5),
(97,'Lily',4),
(98,'Madonna Benois',4),
(99,'Mme kupka parmi les verticales',2),
(100,'Mouvement',2),
(101,'Philip IV',1),
(102,'Philip IV of Spain',1),
(103,'Philippe IV en armure',1),
(104,'Pluie - Vapeur - Vitesse',5),
(105,'Portrait de Ginevra de Benci',4),
(106,'Portrait de l"infant Don Carlos',1),
(107,'Portrait de Luis de Góngora y Argote',1),
(108,'Portrait du comte-duc d"Olivares',1),
(109,'Portrait of a Cleric',1),
(110,'Portrait of a Man',1),
(111,'Portrait of a Man with a Goatee',1),
(112,'Portrait of a Young Man',1),
(113,'Positionnement des éléments',2),
(114,'Profile of a warrior in helmet',4),
(115,'Regulus',5),
(116,'Retrato de Don Sebastián Garcia de Huerta',1),
(117,'Saint Jean à Patmos',1),
(118,'Saint Jérôme',4),
(119,'Saint Paul',1),
(120,'Saint Thomas',1),
(121,'Scène de cuisine',1),
(122,'Sleeve Study for the Annunciation',4),
(123,'Studies of central plan buildings',4),
(124,'Study',4),
(125,'Study for the Adoration of the Magi',4),
(126,'Study for the Madonna with the Fruit Bowl',4),
(127,'Study of a child with a cat',4),
(128,'Study of an Old Man',4),
(129,'Study of hands',4),
(130,'Study of nursing Madonna and profile heads',4),
(131,'Study of the Hanged Bernardo di Bandino Baroncelli, assassin of Giuliano de Medici',4),
(132,'Study of the Madonna and Child with a Cat',4),
(133,'Study sheet',4),
(134,'Tango',2),
(135,'Tempête de neige en mer',5),
(136,'The Study of a Drapery of a Figure Kneeling',4),
(137,'The Study of Drapery of a Seated Figure',4),
(138,'The Way of Silence',2),
(139,'tordu noir lignes',2),
(140,'Trois musiciens',1),
(141,'un désastre en mer',5),
(142,'Venise : La Dogana, San Giorgio ...',5),
(143,'Venise : Le grand canal',5),
(144,'Venise : Le pont des soupirs',5),
(145,'Venise : Une rue animée',5),
(146,'Venise en approche',5),
(147,'Vieille faisant frire des œufs',1),
(148,'Woman"s Head',4);


INSERT INTO oeuvre_genre(idgre,idOeu)
values  
(2,1),
(2,2),
(2,3),
(2,4),
(2,5),
(2,6),
(2,7),
(2,8),
(2,9),
(2,10),
(2,11),
(2,12),
(2,13),
(2,14),
(2,15),
(2,16),
(2,17),
(2,18),
(2,19),
(2,20),
(2,21),
(2,22),
(2,23),
(2,24),
(2,25),
(2,26),
(2,27),
(2,28),
(2,29),
(2,30),
(2,31),
(2,32),
(2,33),
(2,34),
(2,35),
(2,36),
(2,37),
(2,38),
(2,39),
(2,40),
(2,41),
(3,42),
(4,43),
(1,43),
(3,44),
(4,45),
(1,45),
(4,46),
(1,46),
(2,47),
(5,48),
(2,49),
(2,50),
(4,51),
(1,51),
(5,52),
(4,53),
(1,53),
(5,54),
(3,55),
(2,56),
(2,57),
(2,58),
(2,59),
(2,60),
(3,61),
(4,62),
(1,62),
(5,63),
(5,64),
(4,65),
(1,65),
(4,66),
(1,66),
(5,67),
(2,68),
(2,69),
(5,70),
(4,71),
(1,71),
(2,72),
(2,73),
(5,74),
(5,75),
(2,76),
(3,77),
(3,78),
(5,79),
(5,80),
(5,81),
(2,82),
(3,83),
(2,84),
(5,85),
(3,86),
(3,87),
(5,88),
(5,89),
(5,90),
(2,91),
(5,92),
(5,93),
(2,94),
(4,95),
(1,95),
(5,96),
(3,97),
(3,98),
(4,99),
(1,99),
(4,100),
(1,100),
(2,101),
(2,102),
(2,103),
(5,104),
(3,105),
(2,106),
(2,107),
(2,108),
(2,109),
(2,110),
(2,111),
(2,112),
(4,113),
(1,113),
(3,114),
(5,115),
(2,116),
(2,117),
(3,118),
(2,119),
(2,120),
(2,121),
(3,122),
(3,123),
(3,124),
(3,125),
(3,126),
(3,127),
(3,128),
(3,129),
(3,130),
(3,131),
(3,132),
(3,133),
(4,134),
(1,134),
(5,135),
(3,136),
(3,137),
(4,138),
(1,138),
(4,139),
(1,139),
(2,140),
(5,141),
(5,142),
(5,143),
(5,144),
(5,145),
(5,146),
(2,147),
(3,148);
